fecha,nro_casos
2021-01-01,228
2021-01-02,676
2021-01-03,190
2021-01-04,1398
2021-01-05,1231
2021-01-06,1209
2021-01-07,1183
2021-01-08,1274
2021-01-09,919
2021-01-10,325
2021-01-11,1594
2021-01-12,1353
2021-01-13,1372
2021-01-14,1268
2021-01-15,1171
2021-01-16,898
2021-01-17,233
2021-01-18,1557
2021-01-19,1410
2021-01-20,1284
2021-01-21,1206
2021-01-22,1258
2021-01-23,851
2021-01-24,225
2021-01-25,1384
2021-01-26,1259
2021-01-27,1064
2021-01-28,1156
2021-01-29,1075
2021-01-30,767
2021-01-31,163
2021-02-01,1208
2021-02-02,1035
2021-02-03,968
2021-02-04,975
2021-02-05,1185
2021-02-06,813
2021-02-07,197
2021-02-08,1285
2021-02-09,1150
2021-02-10,1186
2021-02-11,1038
2021-02-12,1120
2021-02-13,834
2021-02-14,198
2021-02-15,1475
2021-02-16,1208
2021-02-17,1227
2021-02-18,1305
2021-02-19,1138
2021-02-20,969
2021-02-21,228
2021-02-22,1519
2021-02-23,1177
2021-02-24,1238
2021-02-25,1293
2021-02-26,1277
2021-02-27,1000
2021-02-28,446
2021-03-01,1629
2021-03-02,1347
2021-03-03,1441
2021-03-04,1304
2021-03-05,1452
2021-03-06,950
2021-03-07,242
2021-03-08,1654
2021-03-09,1418
2021-03-10,1410
2021-03-11,1371
2021-03-12,1277
2021-03-13,957
2021-03-14,223
2021-03-15,1539
2021-03-16,1387
2021-03-17,1349
2021-03-18,1325
2021-03-19,1274
2021-03-20,975
2021-03-21,287
2021-03-22,1631
2021-03-23,1419
2021-03-24,1278
2021-03-25,1238
2021-03-26,1352
2021-03-27,963
2021-03-28,270
2021-03-29,1314
2021-03-30,1056
2021-03-31,729
2021-04-01,417
2021-04-02,256
2021-04-03,636
2021-04-04,191
2021-04-05,1395
2021-04-06,1184
2021-04-07,1254
2021-04-08,1211
2021-04-09,1145
2021-04-10,846
2021-04-11,146
2021-04-12,1368
2021-04-13,1220
2021-04-14,1250
2021-04-15,1258
2021-04-16,1278
2021-04-17,909
2021-04-18,289
2021-04-19,1522
2021-04-20,1329
2021-04-21,1189
2021-04-22,1167
2021-04-23,1262
2021-04-24,950
2021-04-25,248
2021-04-26,1457
2021-04-27,1171
2021-04-28,1129
2021-04-29,1024
2021-04-30,962
2021-05-01,342
2021-05-02,184
2021-05-03,1198
2021-05-04,1075
2021-05-05,1224
2021-05-06,1062
2021-05-07,970
2021-05-08,673
2021-05-09,184
2021-05-10,1181
2021-05-11,1158
2021-05-12,1230
2021-05-13,1064
2021-05-14,1050
2021-05-15,876
2021-05-16,204
2021-05-17,1450
2021-05-18,1216
2021-05-19,1121
2021-05-20,1039
2021-05-21,1080
2021-05-22,815
2021-05-23,221
2021-05-24,1289
2021-05-25,1150
2021-05-26,1205
2021-05-27,1015
2021-05-28,1057
2021-05-29,658
2021-05-30,219
2021-05-31,858
2021-06-01,1158
2021-06-02,902
2021-06-03,982
2021-06-04,1014
2021-06-05,761
2021-06-06,174
2021-06-07,1216
2021-06-08,1122
2021-06-09,1023
2021-06-10,963
2021-06-11,1014
2021-06-12,756
2021-06-13,223
2021-06-14,1360
2021-06-15,1102
2021-06-16,1197
2021-06-17,1023
2021-06-18,1069
2021-06-19,841
2021-06-20,233
2021-06-21,1288
2021-06-22,1302
2021-06-23,1074
2021-06-24,846
2021-06-25,1005
2021-06-26,762
2021-06-27,259
2021-06-28,1235
2021-06-29,368
2021-06-30,963
2021-07-01,916
2021-07-02,920
2021-07-03,627
2021-07-04,207
2021-07-05,1172
2021-07-06,1009
2021-07-07,1034
2021-07-08,918
2021-07-09,986
2021-07-10,700
2021-07-11,218
2021-07-12,1361
2021-07-13,1195
2021-07-14,1113
2021-07-15,1120
2021-07-16,1081
2021-07-17,821
2021-07-18,279
2021-07-19,1472
2021-07-20,1190
2021-07-21,1217
2021-07-22,1174
2021-07-23,1174
2021-07-24,901
2021-07-25,265
2021-07-26,1448
2021-07-27,1116
2021-07-28,283
2021-07-29,287
2021-07-30,1043
2021-07-31,621
2021-08-01,294
2021-08-02,1327
2021-08-03,1154
2021-08-04,1038
2021-08-05,1073
2021-08-06,1055
2021-08-07,752
2021-08-08,264
2021-08-09,1416
2021-08-10,1211
2021-08-11,1246
2021-08-12,1197
2021-08-13,1221
2021-08-14,899
2021-08-15,246
2021-08-16,1485
2021-08-17,1322
2021-08-18,1375
2021-08-19,1308
2021-08-20,1290
2021-08-21,1050
2021-08-22,321
2021-08-23,1498
2021-08-24,1245
2021-08-25,1182
2021-08-26,1097
2021-08-27,1154
2021-08-28,729
2021-08-29,226
2021-08-30,269
2021-08-31,933
2021-09-01,1200
2021-09-02,1022
2021-09-03,1092
2021-09-04,757
2021-09-05,246
2021-09-06,1408
2021-09-07,1218
2021-09-08,1285
2021-09-09,1161
2021-09-10,1182
2021-09-11,759
2021-09-12,280
2021-09-13,1548
2021-09-14,1251
2021-09-15,1322
2021-09-16,1199
2021-09-17,1214
2021-09-18,803
2021-09-19,275
2021-09-20,1644
2021-09-21,1363
2021-09-22,1237
2021-09-23,1324
2021-09-24,1164
2021-09-25,872
2021-09-26,252
2021-09-27,1491
2021-09-28,1230
2021-09-29,1116
2021-09-30,1060
2021-10-01,1155
2021-10-02,762
2021-10-03,208
2021-10-04,1313
2021-10-05,1194
2021-10-06,1223
2021-10-07,1147
2021-10-08,392
2021-10-09,838
2021-10-10,320
2021-10-11,1392
2021-10-12,1364
2021-10-13,1326
2021-10-14,1249
2021-10-15,1251
2021-10-16,926
2021-10-17,294
2021-10-18,1627
2021-10-19,1292
2021-10-20,1387
2021-10-21,1333
2021-10-22,1301
2021-10-23,932
2021-10-24,280
2021-10-25,1494
2021-10-26,1229
2021-10-27,1283
2021-10-28,1224
2021-10-29,1166
2021-10-30,791
2021-10-31,199
2021-11-01,364
2021-11-02,941
2021-11-03,1313
2021-11-04,1248
2021-11-05,1234
2021-11-06,868
2021-11-07,305
2021-11-08,1458
2021-11-09,1260
2021-11-10,1331
2021-11-11,1251
2021-11-12,1221
2021-11-13,861
2021-11-14,296
2021-11-15,1609
2021-11-16,1406
2021-11-17,1455
2021-11-18,1333
2021-11-19,1237
2021-11-20,871
2021-11-21,353
2021-11-22,1551
2021-11-23,1291
2021-11-24,1233
2021-11-25,1327
2021-11-26,1192
2021-11-27,856
2021-11-28,308
2021-11-29,1346
2021-11-30,1128
2021-12-01,1296
2021-12-02,1135
2021-12-03,1173
2021-12-04,925
2021-12-05,276
2021-12-06,1404
2021-12-07,1244
2021-12-08,403
2021-12-09,1270
2021-12-10,1248
2021-12-11,840
2021-12-12,281
2021-12-13,1504
2021-12-14,1278
2021-12-15,1267
2021-12-16,1168
2021-12-17,1103
2021-12-18,935
2021-12-19,292
2021-12-20,1402
2021-12-21,1116
2021-12-22,1055
2021-12-23,944
2021-12-24,431
2021-12-25,137
2021-12-26,201
2021-12-27,1117
2021-12-28,1070
2021-12-29,982
2021-12-30,825
2021-12-31,278
2022-01-01,208
2022-01-02,170
2022-01-03,1015
2022-01-04,1047
2022-01-05,1086
2022-01-06,1002
2022-01-07,1011
2022-01-08,720
2022-01-09,249
2022-01-10,1330
2022-01-11,1084
2022-01-12,997
2022-01-13,938
2022-01-14,1055
2022-01-15,739
2022-01-16,224
2022-01-17,1224
2022-01-18,1038
2022-01-19,1006
2022-01-20,899
2022-01-21,912
2022-01-22,694
2022-01-23,212
2022-01-24,1103
2022-01-25,970
2022-01-26,947
2022-01-27,895
2022-01-28,974
2022-01-29,629
2022-01-30,233
2022-01-31,920
2022-02-01,1232
2022-02-02,1065
2022-02-03,1082
2022-02-04,1144
2022-02-05,805
2022-02-06,243
2022-02-07,1442
2022-02-08,1250
2022-02-09,1403
2022-02-10,1336
2022-02-11,1276
2022-02-12,865
2022-02-13,218
2022-02-14,1479
2022-02-15,1334
2022-02-16,1459
2022-02-17,1236
2022-02-18,1404
2022-02-19,909
2022-02-20,234
2022-02-21,1570
2022-02-22,1463
2022-02-23,1499
2022-02-24,1301
2022-02-25,1347
2022-02-26,879
2022-02-27,255
2022-02-28,1653
2022-03-01,1407
2022-03-02,1402
2022-03-03,1385
2022-03-04,1330
2022-03-05,924
2022-03-06,272
2022-03-07,1611
2022-03-08,1404
2022-03-09,1356
2022-03-10,1427
2022-03-11,1335
2022-03-12,981
2022-03-13,284
2022-03-14,1422
2022-03-15,1453
2022-03-16,1498
2022-03-17,1308
2022-03-18,1411
2022-03-19,939
2022-03-20,334
2022-03-21,1538
2022-03-22,1425
2022-03-23,1310
2022-03-24,1250
2022-03-25,1191
2022-03-26,895
2022-03-27,264
2022-03-28,1368
2022-03-29,1155
2022-03-30,1029
2022-03-31,880
2022-04-01,1246
2022-04-02,909
2022-04-03,264
2022-04-04,1299
2022-04-05,998
2022-04-06,1229
2022-04-07,1307
2022-04-08,1331
2022-04-09,936
2022-04-10,260
2022-04-11,1696
2022-04-12,1443
2022-04-13,1332
2022-04-14,400
2022-04-15,279
2022-04-16,880
2022-04-17,267
2022-04-18,1648
2022-04-19,1501
2022-04-20,1498
2022-04-21,1363
2022-04-22,1453
2022-04-23,998
2022-04-24,266
2022-04-25,1453
2022-04-26,1279
2022-04-27,1128
2022-04-28,1237
2022-04-29,1123
2022-04-30,830
2022-05-01,301
2022-05-02,1074
2022-05-03,1149
2022-05-04,1255
2022-05-05,1132
2022-05-06,981
2022-05-07,723
2022-05-08,202
2022-05-09,1272
2022-05-10,1168
2022-05-11,1262
2022-05-12,1210
2022-05-13,1109
2022-05-14,872
2022-05-15,339
2022-05-16,1525
2022-05-17,1194
2022-05-18,1278
2022-05-19,1200
2022-05-20,1251
2022-05-21,880
2022-05-22,290
2022-05-23,1352
2022-05-24,1226
2022-05-25,1212
2022-05-26,1084
2022-05-27,1013
2022-05-28,806
2022-05-29,248
2022-05-30,1151
2022-05-31,849
2022-06-01,1159
2022-06-02,1070
2022-06-03,1083
2022-06-04,791
2022-06-05,220
2022-06-06,1402
2022-06-07,1171
2022-06-08,1294
2022-06-09,1236
2022-06-10,1188
2022-06-11,830
2022-06-12,218
2022-06-13,1103
2022-06-14,1215
2022-06-15,1216
2022-06-16,1133
2022-06-17,1082
2022-06-18,799
2022-06-19,186
2022-06-20,1315
2022-06-21,1200
2022-06-22,1242
2022-06-23,1004
2022-06-24,855
2022-06-25,836
2022-06-26,281
2022-06-27,1305
2022-06-28,1148
2022-06-29,325
2022-06-30,1171
2022-07-01,1199
2022-07-02,851
2022-07-03,275
2022-07-04,1236
2022-07-05,1122
2022-07-06,1137
2022-07-07,1112
2022-07-08,1222
2022-07-09,853
2022-07-10,278
2022-07-11,1432
2022-07-12,1340
2022-07-13,1259
2022-07-14,1141
2022-07-15,1152
2022-07-16,968
2022-07-17,323
2022-07-18,1518
2022-07-19,1359
2022-07-20,1314
2022-07-21,1287
2022-07-22,1170
2022-07-23,959
2022-07-24,285
2022-07-25,1475
2022-07-26,1155
2022-07-27,1152
2022-07-28,297
2022-07-29,269
2022-07-30,798
2022-07-31,205
2022-08-01,1419
2022-08-02,1141
2022-08-03,1108
2022-08-04,980
2022-08-05,979
2022-08-06,461
2022-08-07,258
2022-08-08,1392
2022-08-09,1231
2022-08-10,1230
2022-08-11,1220
2022-08-12,1199
2022-08-13,932
2022-08-14,290
2022-08-15,1456
2022-08-16,1351
2022-08-17,1288
2022-08-18,1333
2022-08-19,1177
2022-08-20,943
2022-08-21,265
2022-08-22,1542
2022-08-23,1249
2022-08-24,1268
2022-08-25,1254
2022-08-26,1153
2022-08-27,907
2022-08-28,327
2022-08-29,936
2022-08-30,240
2022-08-31,922
2022-09-01,1365
2022-09-02,1278
2022-09-03,948
2022-09-04,288
2022-09-05,1618
2022-09-06,1325
2022-09-07,1342
2022-09-08,1290
2022-09-09,1309
2022-09-10,990
2022-09-11,358
2022-09-12,1680
2022-09-13,1420
2022-09-14,1352
2022-09-15,1329
2022-09-16,1405
2022-09-17,981
2022-09-18,303
2022-09-19,1737
2022-09-20,1445
2022-09-21,1337
2022-09-22,1286
2022-09-23,1231
2022-09-24,915
2022-09-25,369
2022-09-26,1623
2022-09-27,1385
2022-09-28,1211
2022-09-29,1101
2022-09-30,1055
2022-10-01,992
2022-10-02,199
2022-10-03,1397
2022-10-04,1191
2022-10-05,1212
2022-10-06,1114
2022-10-07,1060
2022-10-08,424
2022-10-09,300
2022-10-10,1729
2022-10-11,1429
2022-10-12,1369
2022-10-13,1207
2022-10-14,1380
2022-10-15,1072
2022-10-16,339
2022-10-17,1664
2022-10-18,1497
2022-10-19,1396
2022-10-20,1458
2022-10-21,1405
2022-10-22,1160
2022-10-23,352
2022-10-24,1630
2022-10-25,1380
2022-10-26,1524
2022-10-27,1194
2022-10-28,1234
2022-10-29,953
2022-10-30,386
2022-10-31,888
2022-11-01,467
2022-11-02,1206
2022-11-03,1319
2022-11-04,1222
2022-11-05,1064
2022-11-06,272
2022-11-07,1705
2022-11-08,1468
2022-11-09,1375
2022-11-10,1451
2022-11-11,1499
2022-11-12,1085
2022-11-13,380
2022-11-14,1751
2022-11-15,1559
2022-11-16,1479
2022-11-17,1426
2022-11-18,1401
2022-11-19,1018
2022-11-20,282
2022-11-21,1790
2022-11-22,1448
2022-11-23,1332
2022-11-24,1363
2022-11-25,1425
2022-11-26,989
2022-11-27,378
2022-11-28,1565
2022-11-29,1364
2022-11-30,1229
2022-12-01,1349
2022-12-02,1116
2022-12-03,931
2022-12-04,250
2022-12-05,1464
2022-12-06,1314
2022-12-07,1249
2022-12-08,374
2022-12-09,544
2022-12-10,1067
2022-12-11,266
2022-12-12,1731
2022-12-13,1313
2022-12-14,1350
2022-12-15,1181
2022-12-16,1167
2022-12-17,921
2022-12-18,307
2022-12-19,1527
2022-12-20,1235
2022-12-21,1312
2022-12-22,1209
2022-12-23,1001
2022-12-24,491
2022-12-25,148
2022-12-26,1045
2022-12-27,1194
2022-12-28,1234
2022-12-29,1048
2022-12-30,801
2022-12-31,303
2023-01-01,265
2023-01-02,975
2023-01-03,1192
2023-01-04,1196
2023-01-05,1232
2023-01-06,1098
2023-01-07,897
2023-01-08,231
2023-01-09,1542
2023-01-10,1356
2023-01-11,1317
2023-01-12,1297
2023-01-13,1304
2023-01-14,956
2023-01-15,261
2023-01-16,1706
2023-01-17,1396
2023-01-18,1366
2023-01-19,1241
2023-01-20,1251
2023-01-21,1009
2023-01-22,273
2023-01-23,1726
2023-01-24,1447
2023-01-25,1273
2023-01-26,1334
2023-01-27,1328
2023-01-28,998
2023-01-29,234
2023-01-30,1449
2023-01-31,1027
2023-02-01,1417
2023-02-02,1324
2023-02-03,1272
2023-02-04,986
2023-02-05,266
2023-02-06,1697
2023-02-07,1495
2023-02-08,1403
2023-02-09,1337
2023-02-10,1508
2023-02-11,947
2023-02-12,314
2023-02-13,1658
2023-02-14,1171
2023-02-15,1320
2023-02-16,1417
2023-02-17,1374
2023-02-18,959
2023-02-19,256
2023-02-20,1671
2023-02-21,1355
2023-02-22,1319
2023-02-23,1391
2023-02-24,1344
2023-02-25,943
2023-02-26,318
2023-02-27,1568
2023-02-28,1588
2023-03-01,1532
2023-03-02,1346
2023-03-03,1395
2023-03-04,886
2023-03-05,275
2023-03-06,1565
2023-03-07,1403
2023-03-08,1354
2023-03-09,1267
2023-03-10,1224
2023-03-11,882
2023-03-12,261
2023-03-13,1560
2023-03-14,1348
2023-03-15,1288
2023-03-16,1307
2023-03-17,1349
2023-03-18,1006
2023-03-19,330
2023-03-20,1487
2023-03-21,1407
2023-03-22,1339
2023-03-23,1263
2023-03-24,1267
2023-03-25,990
2023-03-26,311
2023-03-27,1509
2023-03-28,1413
2023-03-29,1134
2023-03-30,1087
2023-03-31,799
2023-04-01,1042
2023-04-02,248
2023-04-03,1461
2023-04-04,1219
2023-04-05,1259
2023-04-06,383
2023-04-07,350
2023-04-08,971
2023-04-09,296
2023-04-10,1725
2023-04-11,1415
2023-04-12,1334
2023-04-13,1380
2023-04-14,1314
2023-04-15,1056
2023-04-16,349
2023-04-17,1639
2023-04-18,1355
2023-04-19,1350
2023-04-20,1397
2023-04-21,1309
2023-04-22,1085
2023-04-23,333
2023-04-24,1561
2023-04-25,1346
2023-04-26,1165
2023-04-27,1105
2023-04-28,1234
2023-04-29,860
2023-04-30,291
2023-05-01,402
2023-05-02,1398
2023-05-03,1267
2023-05-04,1152
2023-05-05,1218
2023-05-06,882
2023-05-07,265
2023-05-08,1350
2023-05-09,1127
2023-05-10,1247
2023-05-11,1039
2023-05-12,935
2023-05-13,809
2023-05-14,194
2023-05-15,1374
2023-05-16,1314
2023-05-17,1332
2023-05-18,1271
2023-05-19,1249
2023-05-20,1031
2023-05-21,338
2023-05-22,1450
2023-05-23,1189
2023-05-24,1205
2023-05-25,1160
2023-05-26,1142
2023-05-27,840
2023-05-28,284
2023-05-29,1290
2023-05-30,1033
2023-05-31,741
2023-06-01,1213
2023-06-02,1052
2023-06-03,875
2023-06-04,249
2023-06-05,1392
2023-06-06,1197
2023-06-07,990
2023-06-08,1203
2023-06-09,1155
2023-06-10,913
2023-06-11,243
2023-06-12,1428
2023-06-13,1212
2023-06-14,1177
2023-06-15,1080
2023-06-16,1070
2023-06-17,867
2023-06-18,265
2023-06-19,1334
2023-06-20,1286
2023-06-21,1173
2023-06-22,1175
2023-06-23,1091
2023-06-24,865
2023-06-25,264
2023-06-26,1464
2023-06-27,1306
2023-06-28,1239
2023-06-29,377
2023-06-30,1013
2023-07-01,1028
2023-07-02,255
2023-07-03,1517
2023-07-04,1216
2023-07-05,1275
2023-07-06,1158
2023-07-07,1220
2023-07-08,961
2023-07-09,308
2023-07-10,1551
2023-07-11,1338
2023-07-12,1287
2023-07-13,1255
2023-07-14,1277
2023-07-15,869
2023-07-16,276
2023-07-17,1572
2023-07-18,1294
2023-07-19,1189
2023-07-20,1130
2023-07-21,1080
2023-07-22,974
2023-07-23,274
2023-07-24,1387
2023-07-25,1171
2023-07-26,1083
2023-07-27,1025
2023-07-28,305
2023-07-29,276
2023-07-30,255
2023-07-31,1297
2023-08-01,1359
2023-08-02,1142
2023-08-03,1138
2023-08-04,1014
2023-08-05,859
2023-08-06,287
2023-08-07,1445
2023-08-08,1324
2023-08-09,1184
2023-08-10,1280
2023-08-11,1115
2023-08-12,864
2023-08-13,300
2023-08-14,1371
2023-08-15,1188
2023-08-16,1316
2023-08-17,1267
2023-08-18,1180
2023-08-19,946
2023-08-20,317
2023-08-21,1382
2023-08-22,1346
2023-08-23,1174
2023-08-24,1123
2023-08-25,1073
2023-08-26,853
2023-08-27,264
2023-08-28,1406
2023-08-29,953
2023-08-30,247
2023-08-31,865
2023-09-01,1148
2023-09-02,822
2023-09-03,264
2023-09-04,1433
2023-09-05,1272
2023-09-06,1210
2023-09-07,1131
2023-09-08,1133
2023-09-09,967
2023-09-10,294
2023-09-11,1574
2023-09-12,1378
2023-09-13,1274
2023-09-14,1149
2023-09-15,1219
2023-09-16,926
2023-09-17,275
2023-09-18,1680
2023-09-19,1212
2023-09-20,1182
2023-09-21,1130
2023-09-22,1075
2023-09-23,880
2023-09-24,290
2023-09-25,1429
2023-09-26,1250
2023-09-27,1134
2023-09-28,983
2023-09-29,972
2023-09-30,816
2023-10-01,378
2023-10-02,1295
2023-10-03,1106
2023-10-04,1125
2023-10-05,1051
2023-10-06,992
2023-10-07,829
2023-10-08,256
2023-10-09,1171
2023-10-10,1173
2023-10-11,1135
2023-10-12,1089
2023-10-13,1104
2023-10-14,883
2023-10-15,259
2023-10-16,1347
2023-10-17,1158
2023-10-18,1256
2023-10-19,1209
2023-10-20,1169
2023-10-21,912
2023-10-22,311
2023-10-23,1489
2023-10-24,1076
2023-10-25,1177
2023-10-26,1129
2023-10-27,1027
2023-10-28,850
2023-10-29,275
2023-10-30,1251
2023-10-31,773
2023-11-01,360
2023-11-02,1077
2023-11-03,1180
2023-11-04,900
2023-11-05,295
2023-11-06,1467
2023-11-07,1295
2023-11-08,1229
2023-11-09,1078
2023-11-10,1184
2023-11-11,951
2023-11-12,306
2023-11-13,1572
2023-11-14,1189
2023-11-15,1182
2023-11-16,1127
2023-11-17,1198
2023-11-18,1025
2023-11-19,320
2023-11-20,1520
2023-11-21,1295
2023-11-22,1248
2023-11-23,1117
2023-11-24,1104
2023-11-25,886
2023-11-26,310
2023-11-27,1385
2023-11-28,1148
2023-11-29,1088
2023-11-30,1010
2023-12-01,1120
2023-12-02,901
2023-12-03,236
2023-12-04,1438
2023-12-05,1093
2023-12-06,1220
2023-12-07,1029
2023-12-08,317
2023-12-09,350
2023-12-10,230
2023-12-11,1515
2023-12-12,1297
2023-12-13,1142
2023-12-14,998
2023-12-15,1065
2023-12-16,880
2023-12-17,254
2023-12-18,1320
2023-12-19,1031
2023-12-20,1116
2023-12-21,916
2023-12-22,926
2023-12-23,649
2023-12-24,188
2023-12-25,191
2023-12-26,854
2023-12-27,1045
2023-12-28,1004
2023-12-29,878
2023-12-30,592
2023-12-31,133
2024-01-01,239
2024-01-02,871
2024-01-03,1071
2024-01-04,1059
2024-01-05,1008
2024-01-06,802
2024-01-07,235
2024-01-08,1354
2024-01-09,1050
2024-01-10,1188
2024-01-11,1202
2024-01-12,1253
2024-01-13,838
2024-01-14,260
2024-01-15,1513
2024-01-16,1267
2024-01-17,1207
2024-01-18,1239
2024-01-19,1138
2024-01-20,989
2024-01-21,255
2024-01-22,1495
2024-01-23,1312
2024-01-24,1224
2024-01-25,1074
2024-01-26,1220
2024-01-27,927
2024-01-28,303
2024-01-29,1430
2024-01-30,1170
2024-01-31,889
2024-02-01,1306
2024-02-02,1272
2024-02-03,911
2024-02-04,287
2024-02-05,1533
2024-02-06,1209
2024-02-07,1214
2024-02-08,1240
2024-02-09,1309
2024-02-10,983
2024-02-11,227
2024-02-12,1505
2024-02-13,1357
2024-02-14,1079
2024-02-15,1292
2024-02-16,1348
2024-02-17,961
2024-02-18,295
2024-02-19,1503
2024-02-20,1332
2024-02-21,1279
2024-02-22,1272
2024-02-23,1305
2024-02-24,874
2024-02-25,250
2024-02-26,1500
2024-02-27,1251
2024-02-28,1243
2024-02-29,1089
2024-03-01,1212
2024-03-02,912
2024-03-03,242
2024-03-04,1481
2024-03-05,1359
2024-03-06,1372
2024-03-07,1233
2024-03-08,1234
2024-03-09,974
2024-03-10,335
2024-03-11,1469
2024-03-12,1285
2024-03-13,1272
2024-03-14,1170
2024-03-15,1275
2024-03-16,1061
2024-03-17,289
2024-03-18,1487
2024-03-19,1252
2024-03-20,1290
2024-03-21,1189
2024-03-22,1251
2024-03-23,1040
2024-03-24,306
2024-03-25,1398
2024-03-26,1193
2024-03-27,1203
2024-03-28,349
2024-03-29,305
2024-03-30,789
2024-03-31,196
2024-04-01,1390
2024-04-02,1207
2024-04-03,1115
2024-04-04,1178
2024-04-05,1251
2024-04-06,913
2024-04-07,284
2024-04-08,1447
2024-04-09,1247
2024-04-10,1170
2024-04-11,1148
2024-04-12,1181
2024-04-13,895
2024-04-14,252
2024-04-15,1514
2024-04-16,1235
2024-04-17,1181
2024-04-18,1131
2024-04-19,1128
2024-04-20,894
2024-04-21,281
2024-04-22,1413
2024-04-23,1245
2024-04-24,1098
2024-04-25,1025
2024-04-26,993
2024-04-27,904
2024-04-28,284
2024-04-29,1237
2024-04-30,941
2024-05-01,391
2024-05-02,1089
2024-05-03,937
2024-05-04,765
2024-05-05,256
2024-05-06,1250
2024-05-07,972
2024-05-08,1098
2024-05-09,796
2024-05-10,862
2024-05-11,631
2024-05-12,208
2024-05-13,1198
2024-05-14,1074
2024-05-15,1087
2024-05-16,1065
2024-05-17,1089
2024-05-18,774
2024-05-19,271
2024-05-20,1323
2024-05-21,1058
2024-05-22,1169
2024-05-23,985
2024-05-24,919
2024-05-25,779
2024-05-26,327
2024-05-27,1165
2024-05-28,936
2024-05-29,866
2024-05-30,987
2024-05-31,554
2024-06-01,666
2024-06-02,194
2024-06-03,971
2024-06-04,775
2024-06-05,841
2024-06-06,778
2024-06-07,247
2024-06-08,712
2024-06-09,227
2024-06-10,1052
2024-06-11,856
2024-06-12,854
2024-06-13,811
2024-06-14,714
2024-06-15,571
2024-06-16,197
2024-06-17,884
2024-06-18,806
2024-06-19,735
2024-06-20,743
2024-06-21,644
2024-06-22,504
2024-06-23,129
2024-06-24,519
2024-06-25,474
2024-06-26,413
2024-06-27,317
2024-06-28,203
2024-06-29,60
2024-06-30,5
